epoch,time,train/box_loss,train/cls_loss,train/dfl_loss,metrics/precision(B),metrics/recall(B),metrics/mAP50(B),metrics/mAP50-95(B),val/box_loss,val/cls_loss,val/dfl_loss,lr/pg0,lr/pg1,lr/pg2
1,165.107,2.10802,4.30837,1.39335,0.00313,0.97872,0.49843,0.14491,1.81617,4.23905,1.22898,0.0002,0.0002,0.0002
2,301.408,1.84121,2.78264,1.28404,0.00313,0.97872,0.64262,0.24422,1.54778,3.96157,1.14861,0.000411684,0.000411684,0.000411684
3,434.257,1.74108,2.49107,1.31956,0.00313,0.97872,0.05929,0.01783,1.57684,4.07999,1.19791,0.000614656,0.000614656,0.000614656
4,565.291,1.76038,2.49492,1.31561,0.00279,0.87234,0.00732,0.0025,1.59365,4.04547,1.27777,0.000808916,0.000808916,0.000808916
5,707.542,1.81954,2.38999,1.42259,0.0032,1,0.20374,0.0691,1.64634,3.8076,1.36428,0.000994464,0.000994464,0.000994464
6,837.987,1.74563,2.24383,1.31093,0.85422,0.62349,0.76853,0.32185,1.80108,2.93637,1.45263,0.0011713,0.0011713,0.0011713
7,967.747,1.78265,2.17792,1.42178,0.7898,0.7234,0.77556,0.35465,1.62314,2.52245,1.44476,0.00133942,0.00133942,0.00133942
8,1098.56,1.78685,2.11393,1.39172,0.71276,0.65957,0.7791,0.3473,1.57609,2.46726,1.39891,0.00149884,0.00149884,0.00149884
9,1231.62,1.74065,2.01196,1.34988,0.77266,0.50631,0.76388,0.34069,1.58965,2.69856,1.37443,0.00164954,0.00164954,0.00164954
10,1362.41,1.76308,1.88533,1.4067,0.24336,0.68085,0.23435,0.10658,1.70391,7.62995,1.43045,0.0016436,0.0016436,0.0016436
11,1499.49,1.63886,1.87854,1.34194,0.61668,0.82979,0.64026,0.2769,1.74136,2.10627,1.46442,0.001604,0.001604,0.001604
12,1626.49,1.69998,1.74197,1.39644,0.7654,0.76596,0.80092,0.35949,1.85786,1.91256,1.5918,0.0015644,0.0015644,0.0015644
13,1758.74,1.66756,1.84971,1.41849,0.72467,0.72809,0.73968,0.39445,1.72178,1.87302,1.53004,0.0015248,0.0015248,0.0015248
14,1891.02,1.61518,1.62162,1.38246,0.93325,0.65957,0.84742,0.4461,1.66628,1.70487,1.52611,0.0014852,0.0014852,0.0014852
15,2023.03,1.63759,1.52277,1.35637,0.78917,0.82979,0.89086,0.46161,1.70871,1.61853,1.563,0.0014456,0.0014456,0.0014456
16,2150.81,1.5692,1.51993,1.27911,0.81247,0.80851,0.89829,0.42817,1.73106,1.66747,1.53866,0.001406,0.001406,0.001406
17,2285.25,1.58035,1.45191,1.31685,0.80523,0.89362,0.92178,0.45499,1.64381,1.58136,1.42892,0.0013664,0.0013664,0.0013664
18,2431.47,1.60002,1.39964,1.29827,0.86809,0.87234,0.91598,0.46118,1.59354,1.4094,1.36751,0.0013268,0.0013268,0.0013268
19,2571.82,1.63463,1.44142,1.34058,0.82436,0.80851,0.85935,0.46612,1.55149,1.49498,1.28212,0.0012872,0.0012872,0.0012872
20,2711.34,1.5369,1.36052,1.27567,0.88035,0.93617,0.92265,0.5099,1.53259,1.35934,1.33213,0.0012476,0.0012476,0.0012476
21,2839.84,1.55718,1.28445,1.30061,0.83861,0.88456,0.92404,0.47493,1.57869,1.32931,1.36115,0.001208,0.001208,0.001208
22,2972.87,1.53704,1.23858,1.2794,0.83696,0.87379,0.92763,0.49259,1.57626,1.31742,1.34372,0.0011684,0.0011684,0.0011684
23,3109.75,1.56965,1.25302,1.28309,0.8533,0.82979,0.89085,0.42769,1.74342,1.31383,1.46774,0.0011288,0.0011288,0.0011288
24,3240.91,1.50427,1.20238,1.26629,0.89514,0.90821,0.95249,0.473,1.5928,1.20852,1.37958,0.0010892,0.0010892,0.0010892
25,3367.98,1.6035,1.21738,1.28558,0.82154,0.82979,0.8411,0.39042,1.74883,1.32028,1.53993,0.0010496,0.0010496,0.0010496
26,3495.91,1.49543,1.14489,1.24884,0.87317,0.93617,0.95964,0.48871,1.64366,1.20415,1.41589,0.00101,0.00101,0.00101
27,3630.96,1.5279,1.15385,1.29877,0.97617,0.87144,0.95712,0.46191,1.66138,1.30032,1.43436,0.0009704,0.0009704,0.0009704
28,3768.16,1.56588,1.16992,1.34127,0.90601,0.82979,0.92159,0.42956,1.71682,1.29222,1.50648,0.0009308,0.0009308,0.0009308
29,3902.86,1.52848,1.13464,1.27913,0.92226,0.85106,0.9214,0.42569,1.68073,1.37808,1.43809,0.0008912,0.0008912,0.0008912
30,4032.72,1.48894,1.10742,1.29285,0.95092,0.89362,0.93779,0.4563,1.63772,1.17578,1.44614,0.0008516,0.0008516,0.0008516
31,4160.13,1.46255,1.05286,1.21517,0.95216,0.8471,0.93545,0.42531,1.73515,1.1961,1.46283,0.000812,0.000812,0.000812
32,4293.01,1.4742,1.00745,1.26838,0.94785,0.91489,0.94637,0.45894,1.6467,1.20904,1.4055,0.0007724,0.0007724,0.0007724
33,4419.22,1.43195,1.05013,1.26202,0.91257,0.88839,0.94742,0.4757,1.60245,1.19472,1.38989,0.0007328,0.0007328,0.0007328
34,4550.29,1.48678,1.05734,1.26769,0.92684,0.80864,0.92747,0.4718,1.66215,1.16853,1.3906,0.0006932,0.0006932,0.0006932
35,4683.12,1.40896,0.99529,1.2177,0.97655,0.88631,0.9526,0.47101,1.58697,1.12222,1.35847,0.0006536,0.0006536,0.0006536
36,4815.89,1.4006,0.99796,1.20217,0.95249,0.85324,0.94633,0.46153,1.60891,1.07859,1.37898,0.000614,0.000614,0.000614
37,4950.66,1.44659,0.97316,1.24407,1,0.90888,0.96132,0.45688,1.70464,1.11897,1.41478,0.0005744,0.0005744,0.0005744
38,5080.69,1.38345,0.95836,1.22193,0.945,0.85106,0.94921,0.45555,1.63054,1.02161,1.40866,0.0005348,0.0005348,0.0005348
39,5207.38,1.41502,0.9519,1.21805,0.89132,0.89362,0.94145,0.43632,1.66336,1.15223,1.40181,0.0004952,0.0004952,0.0004952
40,5337.49,1.34957,0.99164,1.16109,0.93787,0.87234,0.94299,0.48595,1.57481,1.10847,1.36626,0.0004556,0.0004556,0.0004556
41,5485.9,1.31763,1.0166,1.18141,0.94693,0.82979,0.93479,0.48592,1.56713,1.05313,1.36354,0.000416,0.000416,0.000416
42,5626.28,1.26677,0.97641,1.16477,0.88221,0.85106,0.92748,0.49425,1.544,1.07792,1.35589,0.0003764,0.0003764,0.0003764
43,5771.69,1.29041,0.90591,1.17111,0.97636,0.87234,0.95371,0.46402,1.58796,1.05898,1.3744,0.0003368,0.0003368,0.0003368
44,5937.1,1.28545,0.9426,1.18237,0.91145,0.87604,0.93721,0.46337,1.63027,1.04579,1.41015,0.0002972,0.0002972,0.0002972
45,6119.74,1.31935,0.88596,1.18588,0.91702,0.87234,0.92749,0.4596,1.64396,1.04291,1.42073,0.0002576,0.0002576,0.0002576
46,6284.4,1.27006,0.91212,1.15539,1,0.88527,0.9342,0.47052,1.60902,1.05947,1.39381,0.000218,0.000218,0.000218
47,6439.51,1.29437,0.90539,1.15491,0.99328,0.89362,0.93271,0.4587,1.60619,1.05143,1.39812,0.0001784,0.0001784,0.0001784
48,6590.02,1.20527,0.85353,1.1283,1,0.88588,0.93221,0.46032,1.62012,1.05023,1.40289,0.0001388,0.0001388,0.0001388
49,6760.12,1.26125,0.86953,1.15214,0.98233,0.87234,0.93192,0.47062,1.62306,1.05098,1.40233,9.92e-05,9.92e-05,9.92e-05
50,6914.47,1.25856,0.83999,1.13527,0.9422,0.87234,0.92812,0.46577,1.6339,1.0396,1.41425,5.96e-05,5.96e-05,5.96e-05
